<?xml version="1.0" encoding="utf-8"?>
<!--
  ~ Copyright (C) 2018 The Android Open Source Project
  ~
  ~ Licensed under the Apache License, Version 2.0 (the "License");
  ~ you may not use this file except in compliance with the License.
  ~ You may obtain a copy of the License at
  ~
  ~      http://www.apache.org/licenses/LICENSE-2.0
  ~
  ~ Unless required by applicable law or agreed to in writing, software
  ~ distributed under the License is distributed on an "AS IS" BASIS,
  ~ WITHOUT WARRANTIES OR CONDITIONS OF ANY KIND, either express or implied.
  ~ See the License for the specific language governing permissions and
  ~ limitations under the License
  -->

<!--
This XML file declares which signature|privileged permissions should be granted to privileged
applications in /product GMS or Google-branded devices.
It allows additional grants on top of privapp-permissions-platform.xml
-->
<permissions>

    <privapp-permissions package="com.google.android.as">
        <permission name="android.permission.READ_DEVICE_CONFIG" />
        <permission name="android.permission.GET_ACCOUNTS" />
        <permission name="android.permission.CALL_PHONE" />
        <permission name="android.permission.READ_CONTACTS" />
        <permission name="android.permission.READ_CALENDAR" />
        <permission name="com.google.android.gms.permission.ACTIVITY_RECOGNITION" />
        <permission name="com.google.android.providers.gsf.permission.READ_GSERVICES" />
        <permission name="com.google.android.providers.gsf.permission.WRITE_GSERVICES" />
        <permission name="android.permission.CAPTURE_AUDIO_HOTWORD" />
        <permission name="android.permission.CAPTURE_AUDIO_OUTPUT" />
        <permission name="android.permission.CAPTURE_MEDIA_OUTPUT" />
        <permission name="android.permission.CAPTURE_VOICE_COMMUNICATION_OUTPUT" />
        <permission name="android.permission.CONTROL_INCALL_EXPERIENCE" />
        <permission name="android.permission.EXEMPT_FROM_AUDIO_RECORD_RESTRICTIONS" />
        <permission name="android.permission.LOCATION_HARDWARE" />
        <permission name="android.permission.MANAGE_SOUND_TRIGGER" />
        <permission name="android.permission.MODIFY_AUDIO_ROUTING" />
        <permission name="android.permission.MODIFY_PHONE_STATE" />
        <permission name="android.permission.MONITOR_DEFAULT_SMS_PACKAGE" />
        <permission name="android.permission.PACKAGE_USAGE_STATS" />
        <permission name="android.permission.READ_OEM_UNLOCK_STATE" />
        <permission name="android.permission.REQUEST_NOTIFICATION_ASSISTANT_SERVICE" />
        <permission name="android.permission.START_ACTIVITIES_FROM_BACKGROUND" />
        <permission name="android.permission.SUBSTITUTE_NOTIFICATION_APP_NAME" />
        <permission name="android.permission.UPDATE_DEVICE_STATS" />
        <permission name="android.permission.WRITE_SECURE_SETTINGS" />
    </privapp-permissions>

    <privapp-permissions package="com.google.android.partnersetup">
        <permission name="android.permission.READ_PRIVILEGED_PHONE_STATE" />
    </privapp-permissions>

    <privapp-permissions package="com.google.android.googlequicksearchbox">
        <permission name="android.permission.EXPAND_STATUS_BAR" />
    </privapp-permissions>
    
    <privapp-permissions package="com.google.android.gms">
        <permission name="com.google.android.gms.permission.CAR" />
        <permission name="com.google.android.gms.permission.CAR_SPEED" />
        <permission name="android.permission.REGISTER_CALL_PROVIDER" />
        <permission name="com.google.android.gms.permission.GAMES_DEBUG_SETTINGS" />
        <permission name="android.permission.BIND_DIRECTORY_SEARCH" />
	<permission name="android.permission.ACCESS_CONTEXT_HUB" />
    </privapp-permissions>

    <privapp-permissions package="com.google.android.pixel.setupwizard">
        <permission name="android.permission.START_ACTIVITIES_FROM_BACKGROUND" />
        <permission name="android.permission.QUERY_ALL_PACKAGES" />
    </privapp-permissions>

    <privapp-permissions package="com.google.android.calendar">
        <permission name="com.google.android.hangouts.START_HANGOUT" />
    </privapp-permissions>

    <privapp-permissions package="com.google.android.apps.wellbeing">
        <permission name="android.service.quicksettings.action.REQUEST_LISTENING" />
    </privapp-permissions>

    <privapp-permissions package="com.google.android.tv.remote">
        <permission name="com.google.android.providers.gsf.permission.READ_GSERVICES" />
        <permission name="com.google.android.providers.gsf.permission.WRITE_GSERVICES" />
    </privapp-permissions>
</permissions>
